Vi­deo,Vi­deo­ti­tel,Ver­öf­fent­li­chungs­zeit­punkt des Vi­de­os,Auf­ru­fe,Wie­der­ga­be­zeit (Stun­den),Abon­nen­ten,Im­pres­sio­nen,Klick­ra­te der Im­pres­sio­nen (%)
Ge­samt,,,405712,7807.6061,730,3645609,6.27
50KfgObDrEI,WEIMA Maschinenbau Vampire 1300 Wood,"Aug 19, 2011",91116,1949.0412,204,867597,6.74
o_djbjZV7BU,WEIMA Maschinenbau Zerkleinerer / Hacker WL500 11kw Rundholzabschnitte,"Apr 6, 2011",10640,131.3513,18,59553,11.09
gPkk9jessdw,WEIMA wood pallets shredding,"Feb 17, 2014",9804,165.4588,12,68308,9.48
K7yNFy90l-M,"WEIMA plastic shredder Spider 1500 shreds BOPP film, cast film & lumps","Mar 13, 2015",9248,181.3149,31,73768,8.48
j7GyLn7KcKU,Pallets shredding & briquetting with WEIMA WLK 1500 & TH 1500 Duo,"Jul 28, 2016",8514,232.7074,13,56579,8.79
ZrzsOLhPXHs,WEIMA wood pallets shredding,"Nov 6, 2014",8088,146.6254,11,45482,10.48
ImB73sZ28SI,WEIMA WL 8 / Hammermühle / TH 1500 - wooden pallets recycling / wood briquetts production,"May 27, 2014",7080,226.1015,10,71413,6.02
wo4CbADq06s,WEIMA Brikettpresse TH 1500 brikettiert MDF Staub,"Jul 22, 2015",6545,84.2727,16,43699,9.52
whbVziaNpJc,WEIMA WL 1500 shreds waste wood shredding for heating,"Jan 13, 2017",6067,139.0545,8,38496,9.79
NgwyVDjr0A0,"""Made in Germany"" - Everyday Life at WEIMA","Mar 19, 2015",5579,89.0217,33,28548,13.01
WOGoRudmwwY,WEIMA Shredder WL 4 and Briquette Press TH 1500 - Aluminum Swarf (Metal Recycling),"May 9, 2014",5488,141.0783,17,39387,8.77
xRGzUCOEV5E,WEIMA WLK 1000 shreds textiles for recycling,"Dec 16, 2015",5315,66.4074,23,32350,10.87
4KBjVCNtyho,WEIMA WL 8 - textile shredding for recycling,"May 26, 2014",5185,81.2465,13,49548,6.58
siyBU8STR_g,WEIMA Shredder ZMK 50 shreds plastic cans shredding,"Sep 19, 2013",5176,65.629,15,41356,8.55
IOlybjc5auI,WEIMA briquette press TH 800 M compacts steel and aluminum,"Dec 1, 2014",4801,135.5957,10,25644,11.53
IQUNxVeWtK4,WEIMA Maschinenbau Vampire 1300 zerkleinert Holz Paletten in Sekunden,"Mar 20, 2012",3969,56.7269,5,18452,7.82
9xU1oTQuvtc,"Plastic shredding and recycling with WEIMA | film, fibers, hard plastics","Oct 28, 2019",3923,111.6834,12,25452,4.62
nTPymRu5xpU,WEIMA Maschinenbau Brikettierpresse TH714S Holz,"Jun 24, 2011",3899,100.5701,4,23711,8.96
4cfqFzWLsV8,WEIMA Maschinenbau Briquettierpresse TH1500R Holz,"Mar 10, 2011",3515,114.0749,5,22834,9.5
gFfoeed9lBQ,WEIMA four-shaft shredder ZMK 50 shreds wood,"Jul 26, 2013",3208,40.8996,2,15987,9.22
I3RuaEssCPc,WEIMA Shredder ZMK 40 zerkleinert PET-Flaschen,"Apr 29, 2013",3198,34.9719,9,18176,10
8j1Tiqg5gno,WEIMA Brikettierpresse TH 514 brikettiert Holzstaub,"Oct 2, 2012",2985,42.8199,3,16724,10.16
5FZ17YK1gFg,WEIMA WLK 800 shreds and TH 1500 briquettes textiles,"Aug 20, 2015",2864,52.3847,19,17561,8.1
VtAujzATbvo,WEIMA WL 8 Al Shredder + HD 1500 Al Briquetting Press – Aerosol Cans,"Sep 10, 2013",2766,50.6161,1,30618,5.94
OGzhXVBDUF8,WEIMA TH 1500 brikettiert Hobelspäne und Holzstaub / wood shavings briquetting,"Jan 15, 2014",2402,53.4291,4,15514,9.2
s-tatgRkagk,WEIMA Shredder WLK 15 - Plastic Film Recycling,"Mar 20, 2014",2268,65.0703,7,14539,7.83
lrqJrDWudB8,WEIMA WLK Single-shaft shredders 1500 shreds wood log offcuts,"Aug 15, 2018",2248,39.3797,1,12377,10.99
JH8bMPIdx38,Be a hero! Wood shredding and briquetting with WEIMA,"Mar 9, 2020",2152,62.538,4,21121,5.26
ASWH6cmZwGU,WEIMA shredder WL 4 shreds production wood waste at Ulrich Althoff GmbH,"May 20, 2020",2134,31.6666,1,16445,5.39
r5zYHj0xoQk,WEIMA aluminum can scrap shredding & briquetting,"Apr 7, 2015",2111,41.1384,2,14406,8.21
qrDgWbDswAI,WEIMA TH 1500 briquette press compacts hardwood chips,"Jan 11, 2016",2084,55.8092,1,15186,5.97
NouIfifRXeE,WEIMA WL 4 & TH 800 S - Cardboard Shredding & Briquetting,"Nov 6, 2014",1977,45.5152,4,15479,7.42
IODrX2tcqU4,WEIMA Maschinenbau Hacker / Shredder WLK15 90 kW  - PVB Folie - film,"May 16, 2012",1963,43.1062,2,12833,8.74
sN9esJJpIEQ,WEIMA ZM 40 shredder shreds batteries,"Aug 14, 2014",1957,23.3435,3,14168,8.71
g2g3pMXSy84,WEIMA Brikettpresse C 170 brikettiert Stroh und Mais / straw and corn briquetting,"Jan 10, 2014",1951,32.7236,5,10493,7.81
JouW2z7H7AE,Shredding of Wood Pallets with WEIMA WL 15,"Jan 10, 2017",1949,42.7144,2,14905,6.99
nbhI6-WQh7U,WEIMA WLK 1000 Big Bag Shredder,"Jul 2, 2015",1763,26.9128,7,10951,10.46
CObjU3H7iYA,WEIMA Brikettierpresse HD 820 brikettiert Holz-Staub / wood dust briquetting,"Nov 29, 2013",1762,24.737,8,11244,9.12
BLXfuoYGA00,WEIMA WKS 1800 Hydro shreds lumps and plastic pipes,"Mar 27, 2020",1754,31.1699,1,14803,6.03
c7f0el_gSSU,Shredding miscanthus bales with the WEIMA Shredder Spider 1500 H,"May 8, 2013",1740,23.4903,3,17511,6.28
v-q0PJNzfZU,WEIMA TH 1500 M brikettiert Schleifstaub und Sägespäne,"Feb 4, 2015",1695,29.6877,2,12740,7.77
w6Q8OxMqcJc,WEIMA briquette press HB 800 S compacts wood chips,"Dec 2, 2014",1669,21.1069,6,11234,7.34
CmNm22L5cK4,WEIMA Maschinenbau Zerkleinerer / Hacker WLK15 110kw Aktenvernichtung,"Mar 10, 2011",1642,49.8695,3,12591,8.2
ggVOeI8Cjvs,WEIMA WLK 1500 shreds big bags for EREMA Intarema extrusion system,"Mar 7, 2016",1578,33.8373,3,13498,6.88
2iXL19mOlqQ,WEIMA | Destroy Responsibly™ wood recycling @ AWFS 2019 in Las Vegas,"Sep 2, 2019",1520,28.414,1,10978,1.41
5moLJhb-LsA,Be a hero! Wood shredding and briquetting with WEIMA,"Mar 9, 2020",1514,32.1594,1,443,9.03
GqzansfVMIg,WEIMA Shredder Spider 1500 H zerkleinert Windeln / diaper shredding,"Apr 24, 2013",1500,21.0134,2,21108,3.78
VrGwN1LP51M,WEIMA Shredder WKS 1800 shreds jeans (used textiles),"Dec 3, 2019",1462,27.234,1,14363,6.8
HqagAGYO3vU,WEIMA WL 4 shreds hardwood blocks and sticks,"Jun 27, 2019",1431,18.5826,3,11348,6.46
rxFtDhnIKao,WEIMA WL 6 shreds wood waste @ Sucker Holzbau GbR,"Jul 13, 2020",1420,48.1968,1,13159,5.49
rsu0ov4cb7o,WEIMA Maschinenbau Zerkleinerer / Hacker Holzwolf + WL4 + TH514 Holzpaletten,"Mar 10, 2011",1359,35.3415,1,10128,6.24
7R2d9AtSWMc,WEIMA shreddert Holz / wood shredding,"Apr 9, 2013",1299,32.9551,1,9153,8.87
LAAsZLFXZ-4,WEIMA WQZ Querstromzerspaner / Chain Impactor,"Feb 19, 2014",1293,29.4459,0,5811,8.86
CfroK0SDGJM,WEIMA WL 8 & WL 10 & Tiger 400 shred wood scrap,"May 19, 2015",1266,26.4754,2,9537,7.58
0IQU5Q3syO4,WEIMA Shredder Spider 1500 H schreddert Nylon (PA6-Fasern) / nylon fiber shredding,"Dec 19, 2013",1231,37.0136,2,8029,8.49
rhcJVfgJ6Co,WEIMA 2x WLK 20 SJ Book Paper Recycling,"May 19, 2015",1230,21.763,0,15856,5.06
9gulvhHEjek,WEIMA WLK 1000 & WNZ shred 200mm PE-HD pipes,"Mar 7, 2016",1227,19.3061,6,7783,9.96
EUHxQvWbvjI,Steel shavings shredding and briquetting,"Jan 19, 2017",1158,23.2287,5,9567,5.64
 -VdePwcODwE,WEIMA Shredder FineCut 2500 Hydro shreds for RDF production,"Jun 25, 2013",1132,34.8967,1,10130,6.61
23vrD0hqN7U,WEIMA Shredder WLK 1500 shreds PVC pipes,"Mar 30, 2020",1118,13.5589,-1,12990,4.21
JiU_v689ZEg,Shipping and installation of a WEIMA recycling line in Great Britain,"Mar 2, 2020",1065,23.9821,1,17317,3.24
JkYyhCyIIuE,WEIMA Zerkleinerer WLK 30 Super Jumbo shreddert Pipeline-Abschnitte,"Jan 24, 2014",1063,19.192,1,7969,8.42
RB--qDnnUjE,WEIMA PowerLine 2000 shredder shreds commercial and industrial waste,"Nov 13, 2019",1062,23.6765,0,14375,3.35
eZ0ONwLBG1k,WEIMA wood grinder WLK 15 shreds MDF & particle board,"Apr 13, 2016",1061,18.6991,1,9726,5.56
6THUpNyv3pk,WEIMA grinder WLK 15 Jumbo shreds airbags at Inoplast Kunststoff GmbH,"Jun 18, 2020",1051,21.4201,6,13000,3.74
B0W9XDwpvuw,WEIMA C 150 briquetting press compacts MDF dust,"Apr 14, 2016",1042,12.4949,2,5466,5.93
CutUr8zxv2A,Briquetting MDF dust with WEIMA briquetting press C 150,"Apr 29, 2020",1042,12.2262,-1,9999,4.77
aGDJxAzlwXY,WEIMA PreCut 3000 shreds industrial and bulky waste,"May 20, 2019",1040,23.9431,1,12139,5.09
WGLeEzlT1c8,WEIMA chain impactor WQZ 900 - metal scrap recycling,"Mar 19, 2014",1028,28.5435,2,6904,8.27
1cYJ03A3mM0,WEIMA C 170 briquette press compacts paper dust,"Jan 21, 2015",1000,12.6558,0,7359,6.48
a0vQF93lptU,Plywood Waste Shredding with 4 WEIMA Wood Shredders,"Nov 30, 2016",999,22.5174,0,11456,3.4
RykfpQ8yPXY,WEIMA Maschinenbau Spider 1500S Kunststoff Rohre,"Sep 30, 2011",989,17.3753,3,7553,9.14
ZaWguvS3xTQ,WEIMA shredder WLK 1500 shreds HDPE boats,"Sep 17, 2020",984,17.9286,2,7177,6.8
W4quk3Alqog,Film Shredding with WEIMA WLK 25 SJ & WLK 18 J Shredder,"Dec 29, 2016",982,24.8611,2,12398,3.61
c2EKPWwitH4,WEIMA Shredder WL 4 - Eier-Kartons,"Dec 19, 2012",979,11.8882,0,5860,7.68
stoOc2eDJsI,WEIMA WKS 1800 shreds wood composite boards,"Sep 5, 2019",962,14.1034,1,10051,4.59
pHQp0Ey6KWA,WEIMA Shredder WLK 4 zerkleinert Medical Waste / Medizinabfälle,"May 16, 2013",956,14.8349,3,11031,5.6
9fofhRQq6lI,How to make cash from wood waste,"Aug 11, 2015",950,15.1912,8,5416,2.49
SlLo6J-YH6c,WEIMA Holz-Hacker WL 12 - Holzabschnitte / wood shredding,"Jul 22, 2013",946,13.8783,0,7699,7.42
7MXZh-IYFoc,WEIMA Spider 1500 shreds textile waste and packaging scrap (RDF),"Dec 17, 2015",914,11.3956,2,7102,8.5
rhzXWziy7SI,WEIMA shredder WLK 30 SJ shreds huge PE pipes (plastic recycling),"Sep 16, 2014",901,29.2159,0,8385,5.59
dZ2Z4NIWXv8,WEIMA WL 8 shreds broomstick wood scrap,"May 19, 2015",894,18.1952,0,5203,7.96
AsfzXrex8ck,Live-Video | WEIMA WKS shredder 2200 shreds pulper rope,"May 8, 2020",878,14.1556,0,9657,4.09
oN1By8pqwgY,WEIMA Spider shreds big polyamide pipe,"Sep 24, 2015",878,11.2694,2,8387,6.98
CLW2Q4DTs1M,WEIMA PowerLine 2500 RDF Shredder for production of calciner fuel,"Feb 20, 2019",876,26.6981,2,9293,5.01
 -Wc7QRJPdWU,WEIMA Single-shaft shredder WKS 1800 Hydro shreds PE bottles,"May 29, 2020",861,14.8697,-1,10569,4.23
CK8RsNBuKRc,Shredding carpet scrap with a WEIMA WKS 1800 shredder,"Aug 29, 2019",856,12.7435,2,10098,5.41
H4dF1cdwv1E,WEIMA ZMK 50 shredder – data and document destruction according to DIN 66399,"Feb 27, 2020",840,12.5533,-1,10958,4.12
mS-q1Pm68fU,"WEIMA WLK 1500 shredding corrugated cardboard for insulation @ easy2cool in Lichtenfels, Germany","Sep 30, 2020",836,20.7699,2,7353,4.77
PubM-u2i7MA,WEIMA Single-shaft Shredder WKS 1800 Hydro shreds artificial turf,"Dec 19, 2019",820,12.9477,0,9560,4.77
EtEoBW9Jlmw,WEIMA Brikettierer HD 614 AL brikettiert Aluminium-Späne (briquetting aluminum swarf),"Sep 27, 2013",811,11.9474,1,5476,8.29
Nq-StAvsfrc,WEIMA WLK 800 shreds plastic cans,"Oct 21, 2015",792,9.8113,4,4757,9.48
x_SRk5jhpVM,WEIMA PreCut 2000 & FineCut 2500 waste shredders / RDF production,"Jan 7, 2015",782,23.5834,1,5834,5.97
QEMxmAXcnag,WEIMA mobile paper shredding on a truck,"Nov 21, 2014",773,16.6329,4,8275,3.12
1fAnK0FhVMA,WEIMA shredder WLK 18 Jumbo - paper and cardboard shredding,"Mar 28, 2014",765,13.9711,2,7642,4.33
V74U9V7pXuY,WEIMA Metall-Shredder WMS 600 zerkleinert Metall Schrott / metal shredding,"Jul 12, 2013",762,9.9809,0,3422,3.77
SNSrTiBQsFk,WEIMA WPC PreCut 3000 Waste Shredder,"Nov 5, 2018",738,20.695,4,7115,4.95
JwwcPbXcScw,WEIMA PowerLine 3000 shreds industrial waste,"Jul 20, 2015",736,17.4701,3,6845,6.72
xCAzEAIq9RQ,WEIMA WL 6 sawmill wood shredder,"Jul 7, 2015",730,19.2202,0,6305,4.92
VnAho1dHbr0,WEIMA shredder Spider 1500 H - Kunststoff Anfahrklumpen / plastic lumps shredding,"Apr 2, 2014",729,13.4335,5,6721,7.35
JsvVmfdv2LU,Why shredding? | WEIMA,"Oct 20, 2020",726,9.7808,1,3723,2.63
Qqs3-2cR-Tw,WEIMA PowerLine 2500 shreds rigid post-consumer plastics HDPE waste bins at VEOLIA in Sweden,"Oct 6, 2020",721,18.6532,1,5610,5.1
Ql5GPLyLpbk,WEIMA Shredder WLK 1500 shreds steel swarf,"Feb 27, 2020",709,8.1813,1,8508,4.13
wvY1eTz8t0U,WEIMA WL 8 shredder grinds wood cuttings,"May 19, 2015",695,9.8021,0,5046,6.8
ZR3_5CSF8uI,The ULTIMATE rubber shredder: WEIMA PreCut Shredder 1500,"Mar 1, 2017",677,12.3024,1,4985,3.13
IVPxqCTa6DE,WEIMA WLK 1000 | Shredding thermoforming plastic packaging waste,"Oct 7, 2019",644,18.6008,2,10694,2.48
UxRPd81IO40,WEIMA Hacker WLK 1500 schreddert Holz-Paletten,"Jul 19, 2013",643,10.7121,0,3785,6.08
I0QMAQKhETE,WEIMA WLK 800 shreds big bags in seconds!,"Feb 26, 2015",640,9.359,1,4676,8.23
XpD_HI3FQ38,WEIMA Shredder WKS 1800 Hydro shreds plastic end caps,"Feb 27, 2020",637,8.7761,0,9977,3.45
QaMobU0QWkI,Pulper Strings Ropes Rejects Waste Shredding with WEIMA PreCut 1500,"Mar 2, 2017",635,9.2626,1,5803,4.45
T9FNe_CCuL0,WEIMA shredder WLK 800 shreds fire hoses down to pieces!,"May 13, 2020",631,6.2106,-1,8369,4.1
U2tHSqddBMg,WEIMA Maschinenbau Zerkleinerer ZMX30 HD 2x11kw Festplatten,"Mar 10, 2011",631,7.5302,0,2124,7.49
fRW7-hcc57M,WEIMA WKS 2200 Single-shaft Shredder is for wood shredding,"Apr 8, 2019",623,9.8182,0,8607,3.85
I3EIqI6op3Y,WEIMA Maschinenbau Vierwellen-Zerkleinerer ZM40 - HDPE Kunststoff Tonne,"May 24, 2012",615,5.9867,1,4744,7.9
bWTKb_M-VvU,WEIMA shredder shreds giant plastic lumps,"Dec 5, 2014",607,10.7033,4,3223,8.69
AP_b3v5e1tA,WEIMA WLK 1000 shreds cigarette tobacco production waste strips,"Jul 20, 2020",603,8.8152,-2,8592,3.96
vtdFLCld8kw,WEIMA shredding machine WLK 4 shreds HDPE lumps,"Jan 27, 2014",598,11.4358,0,4326,6.2
YKehXQ9HzU8,WEIMA PreCut 3000 | Agricultural film recycling,"Oct 28, 2020",597,11.8633,1,5400,5.37
xvfFiYizLxg,WEIMA shredder WLK 1000 & C 150 briquette press /  EPS shredding and briquetting,"Jan 28, 2014",597,13.0101,2,4778,6.38
OtyzEZ6PnrY,WEIMA Maschinenbau Shredder / Hacker Spider 1500H - zerkleinert Anfahrklumpen Kunststoff,"May 21, 2012",593,9.8616,2,4206,8.92
KVrNETkb0vI,Particle board shredding with WEIMA WL 6 S grinder at GARANT Türen & Zargen GmbH,"May 7, 2020",589,10.5855,0,7553,3.36
TmRlxGRCxDc,WEIMA WLK 800 shredder and WNZ 310/600 granulator shredding geotextile fleece,"May 14, 2020",578,9.3138,1,9769,2.79
UjuXKWalPyU,WEIMA WLK 15 shredder & WSM 600/1000 granulator recycle plastic scrap,"Apr 11, 2016",577,8.09,1,5534,4.63
Hyo-4a0fHRY,WEIMA TH 1500 M briquetter - aluminum briquetting (metal recycling),"May 19, 2014",572,11.4375,1,3554,5.74
D-8KKMRWklU,WEIMA WLK 13 shreds carbon fibers,"Mar 3, 2015",571,7.2732,2,3910,7.85
mXxLppefq6I,WEIMA Maschinenbau Animation Vampire 1300,"Jul 8, 2011",571,6.2532,0,4176,7.64
ml1_t1gfSI4,WEIMA foam shredder ZMK 40,"Aug 22, 2014",559,8.6872,0,3601,6.5
jgC-CvSvqW8,WEIMA Shredder Spider 1500 H - Vorgebrochenes Holz,"Feb 18, 2013",551,6.5057,0,4828,6.63
nH03mAW7N8Q,WEIMA WLH 800 Tiger Jumbo shreds laminate and veneer stripes,"Apr 18, 2019",532,6.3379,1,7304,3.37
evf0BDYTptI,WEIMA Single-Shaft Shredder Spider 1500 S - PET Flaschen / PET bottles,"Nov 11, 2013",530,6.6221,0,2863,7.96
ZzRec9AEyjc,Image film | Inside WEIMA America,"Dec 11, 2019",516,13.3548,2,18974,1.69
7cNxtDI4Pok,WEIMA WL 4 metal shredder shreds steel swarf,"Feb 1, 2017",515,5.3146,0,5460,3.55
P5b5BXV1hnk,WEIMA Metal recycling | shredding & briquetting,"Aug 7, 2019",507,11.651,0,7409,2.93
Xlw0tZjVKjE,WEIMA WL 4 shredder - metal swarf,"Feb 4, 2015",496,3.5919,0,4068,6.88
FU5AjzMq0Ik,WEIMA WLH Tiger 400 shreds long wood boards and rippings,"May 19, 2015",487,9.665,1,3230,4.4
0z9WvqPzH4c,Plastic Waste Recycling with WEIMA WLK 25 SJ Shredder,"Jan 12, 2017",485,6.6411,1,6958,4.48
3VUhqxLHc5E,WEIMA WLK 15 shreds plywood,"May 19, 2015",482,9.5275,0,3615,5.09
O565q6VX1Ok,WEIMA WL 4 single-shaft shredder grinds hard plastics,"Jan 9, 2015",474,5.3862,0,4314,6.79
_QNTNdMYQnQ,WEIMA WLK 800 Shredder and WNZ 310/600 Granulator shredding felt residues,"Jul 17, 2020",473,6.6526,0,7601,3.39
qE4o9spmjJM,Aluminum Swarf Briquetting with WEIMA TH 1500 M Briquetting Press,"Nov 25, 2016",473,5.7834,1,4474,3.08
tHsXDZUJUEo,WEIMA Shredder WKS 1800 shreds plastic packaging waste,"Sep 12, 2019",473,5.995,2,7650,3.86
HNi1TeXjdTU,WEIMA Horizontal Beaver 300 Grinder - Wood Scrap & Squared Timber,"Apr 17, 2014",471,12.909,0,3394,5.63
tHxjNxn1wTY,WEIMA Spider 1500 H Shredder - IBC's und Kunststoff Paletten,"Nov 6, 2012",467,10.7325,1,3850,6.55
PgZEH1i2Mpg,WEIMA Shredder WL 20 shreds used wood stages ('The Voice' | The X-Factor | Britain's Got Talent'),"Jan 22, 2020",456,6.9752,-5,8632,1.83
f-aEbygXOAo,"WEIMA WL 8,  C 150 + C 170 - Papier Zerkleinerung und Brikettierung","Nov 26, 2013",456,11.691,0,4663,5.25
e-7XeTjhHDA,WEIMA wood grinder Tiger 1800 shreds MDF panels,"Jun 2, 2014",453,8.7522,0,4427,5.42
_A_Hmg_EXWs,WEIMA Shredder WLK 1000 shredding of PP packing strings,"Jun 15, 2020",452,6.8204,0,8782,2.88
Q6M90u4RZ1A,WEIMA shredder WLK 13 & briquette press TH 714 - paper and multipurpose tissues,"Apr 8, 2014",448,10.7759,0,3844,3.72
qqHxGsZlShw,WEIMA Shredder WLK 1500 zerkleinert Pappe / cardboard shredding,"Jul 26, 2013",440,5.1053,0,2187,5.53
07u6-IlPgI4,Document Destruction with WEIMA WLK 10 Paper Shredder,"Nov 23, 2016",437,5.3003,0,5661,2.4
p27XiI4DphQ,Aluminum Shredding & Briquetting with WEIMA,"Dec 15, 2016",436,5.7575,1,5455,3.12
64oZ1I2Iof8,The World of WEIMA / Shredding + Briquetting,"Sep 25, 2013",433,11.0433,0,415,1.69
Xjh7AyoR9BY,WEIMA Single-shaft shredder WKS 1800 hydro shreds trash cans,"Oct 26, 2018",431,8.7926,0,3914,6.11
VtzPTMkBE9g,WEIMA Shredder WLK 20 Jumbo with Caterpillar Diesel shredding Big Bags,"Jan 16, 2014",429,6.1639,0,3797,6
8G335ahYExI,WEIMA WLK 4 shreds plastic lumps,"Nov 23, 2018",427,8.3979,1,5493,4.86
78hbS_xLXYI,WEIMA Hacker WL 6s - Hartholz Eiche,"Mar 15, 2013",426,3.9368,2,3003,7.43
7fDXCVRN19M,WEIMA Shredder WKS 1800 Hydro shredding post-consumer rigid plastics,"Nov 29, 2019",420,4.7645,1,8299,2.86
0hvKRmbXgac,WEIMA Maschinenbau Brikettpresse TH 1500 M - Aluminium,"Jun 27, 2012",416,8.4789,1,4487,5.68
ch0cpiwPUuM,WEIMA ZM 50 shreds plastic bins within seconds!,"Dec 16, 2015",414,5.6915,0,3859,6.22
dY1wjwReKFs,WEIMA WLK 1000 & WNZ 310/600 - 2-Stage-Pipe-Shredding-System,"Mar 2, 2016",408,5.2638,0,3727,6.28
xk-W9Ld1N1E,2x WEIMA WPL 3000 shred MSW (Waste-To-Energy),"Feb 9, 2016",408,9.5959,1,3607,3.05
O_tIyIYJCI4,"PUEHLER G.300 ReWork | Emmi, Switzerland","Oct 27, 2020",403,8.6986,0,4282,4.13
76zteDLTzww,WEIMA TH 600 M Intrduction with lifting and tipping device,"Jul 24, 2018",401,7.4795,0,4431,3.29
L37Iazyjrag,WEIMAs PowerLine and FineCut are shredding waste,"Oct 26, 2018",400,11.9755,0,4073,5.65
kjASrgjj8qM,WEIMA briquetting press compacts wood dust into briquettes,"Jun 12, 2013",400,4.174,2,3319,6.18
sWRqU3L7V6g,WEIMA WLK 20 J shredder & Gamma Meccanica extruder recycle plastic film,"Jan 12, 2016",400,7.7033,1,6297,3.41
iKPaAtIdO50,WEIMA Schredder WLK 4 zerkleinert PP Kunststoff mit Metallbolzen / pp plastic shredding,"Jan 13, 2014",397,4.7714,0,2345,5.03
nCLkr3oSSZI,WEIMA Single-shaft shredder WKS 1800 with hydraulic drive shreds various household waste,"May 9, 2019",392,9.5836,1,6269,4.08
vO_DYb3953s,WEIMA Shredder WLK 1500 - Weinfassdeckel / wooden wine barrel covers,"Jul 3, 2013",392,6.6162,1,2616,9.44
zQ2GkiEMgo8,LDPE film shreding with WEIMA WLK 1500 plastic shredder,"Oct 12, 2016",388,3.0658,0,3600,5.89
hG4nOxLbPVw,Briquetting CNC shavings // WEIMA TH 800 M,"Aug 4, 2016",383,3.954,2,2503,3.48
3L5cCjKzrvs,HDPE film shredding with WEIMA WLK 1500 plastic shredder,"Oct 12, 2016",382,3.567,2,4907,4.38
3ExQXnzzSGU,"PUEHLER E.200 | Draining and compressing of cans, bottles and labels","Oct 30, 2020",381,7.2433,0,4399,3.64
MV0I9Jxmk5c,WEIMA WL 1000 Shredder und HD 500 Brikettpresse - Stahlspäne,"Jun 13, 2013",377,8.1717,1,3824,4.55
ubGSJ5cBw0g,WEIMA Maschinenbau WLK 15 Super Jumbo 110kW zerkleinert HDPE Rohre,"Apr 5, 2012",376,6.8653,0,3101,8.16
uR292FI12bk,WEIMA sanitary paper and toiletries (non-woven) shredder + EREMA extrusion,"Jul 31, 2019",374,5.0136,0,6931,2.27
l1zk4QH3t9E,Communal and Household Waste Shredding with WEIMA PowerLine 2500,"Apr 5, 2017",373,7.471,0,4168,3.24
ulAEQmNLEYs,WEIMA WLK 1500 shreds Tetra Pak on rolls,"Jul 22, 2016",373,6.135,1,6276,3.39
qDEV84UblvM,WEIMA Shredder ZMK 50 shredding paper,"May 15, 2019",372,4.8242,0,5944,3.2
Ga_OFyywtUs,"WEIMA WLK 4 shreds plastic films, bigbags and lumps","Sep 25, 2020",370,9.2367,-1,2970,5.29
5dTCIVSnq2Q,Solar energy generation by WEIMA,"Apr 28, 2020",364,2.484,0,12081,1.63
dWlWarzndSQ,WEIMA shredder WLK 1000 shreds bark mulch,"Feb 20, 2014",360,5.2794,0,2104,5.42
vWAgXB_hiOs,WEIMA shredder WLK 1000 shreds XPS bales,"Apr 4, 2014",360,5.1165,1,3385,6.71
 -FpGc14Ttlc,PUEHLER G.300 Recycling packaging press drains and compresses cans,"Oct 21, 2020",351,7.4881,1,4174,3.91
9nES47uM2Oo,WEIMA TH 1500 M compacts oak wood shavings to briquettes,"Apr 15, 2016",351,2.9525,0,3371,5.16
gam3iSdsbhg,WEIMA Industrial Briquetting Press TH 2800 briquettes Miscanthus,"Mar 19, 2013",351,5.0271,0,4362,4.47
tEVgmX30UrQ,WEIMA PowerLine 3000 shreds industrial waste and spring core mattresses,"Nov 16, 2018",348,4.7501,0,5058,4.35
BnSSn10PrUY,WEIMA shredder WL 4 shreds rubber,"Feb 3, 2015",347,3.6231,1,2892,6.95
EGHDaTJE3Zk,Hardwood fine shredding with WEIMA horizontal shredder WLH and high-performance granulator WNZ,"Jan 9, 2018",347,4.3037,0,4554,4.81
LCEXGlva9NU,WEIMA ZMK 50 shreds Poplar wood offcuts,"Jan 28, 2019",346,5.6996,0,5049,3.43
WSc6IziA_z0,WEIMA Single-shaft WLK 1500 Book and Paper Shredder,"Mar 7, 2019",344,4.2114,0,5635,3.82
tL4vRzkm_LU,WEIMA WPC 3000 - Shredding of LLDPE agriculture stretch film,"Jun 13, 2019",343,6.7611,0,5791,3.16
k9N_QevxXCI,WEIMA Single-Shaft Shredder WL 4 zerkleinert Aluminium Getränke-Dosen / aluminum can recycling,"Sep 24, 2013",340,4.077,1,2913,5.66
sHT_B_AG1KU,Automotive plastic scrap shredding with WEIMA WLK 20 SJ,"Feb 7, 2017",340,8.1059,1,4839,1.92
x4TkkHfqQcA,Briquetting chipped wood with WEIMA TH1500M,"Oct 11, 2017",340,4.9164,0,3593,5.07
kZZnYFvFWLs,WEIMA Waste Shredders PowerLine 2000 + 3000 - Siedlungsabfall / municipal waste,"Oct 25, 2013",331,11.5618,1,3526,4.57
Qb0gagNh8rs,WEIMA WLK 4 & WNZ shred and granulate automotive upholstery,"Feb 17, 2016",327,4.0952,0,2501,4.12
cCH1xSgTZLg,ReWork of Dairy Products with PUEHLER G.300 ReWork,"Oct 21, 2020",327,10.9628,0,3222,4.81
4ZJ8JTLTMpY,Introducing the WEIMA single-shaft shredder WKS 1800,"Dec 6, 2017",324,5.7288,0,3701,3.22
xMHxAxgDzLI,PUEHLER G series | ReWork,"Dec 4, 2020",324,5.6296,2,2998,4.77
Pp71MQCz1uc,WEIMA Sachsen-Anhalt - Produktionsstätte / shredder manufacturing plant,"Jan 9, 2014",320,6.7105,1,3267,6.21
sGYvhr06MCw,WEIMA Maschinenbau Shredder Spider zerkleinert Fischnetze / shredding fishing nets,"Jun 5, 2012",320,6.3017,0,2143,7.19
1aq2i-kOZbc,WEIMA Tiger 1800 shreds CNC wood waste,"Feb 10, 2016",319,7.9747,0,3454,3.59
aAzHCztg114,WEIMA WLK 1500 shreds cardboard in bales,"Sep 29, 2020",313,3.8991,1,4195,4.41
IEcjwwaKIRA,WEIMA four-shaft-shredder ZM 40 shreds big bags within seconds!,"Aug 14, 2014",312,4.0431,0,3529,5.02
tnAGZ7ZUdCk,WEIMA WL 4 chipboard shredder and HOLZMA panel cutting,"Feb 6, 2017",312,3.5435,0,4032,3.08
QzitkmaiuAg,WEIMA Spider 1500 carpet shredder,"Feb 16, 2015",311,4.9144,0,1598,4.19
VojjHpjn0GA,WEIMA WKS 1800 Hydro shredding packaging film in bales,"Sep 29, 2020",310,6.4301,1,3524,4.91
6wfcycQkixQ,WEIMA four-shaft shredder ZM 30 shreds aluminum beer cans scrap,"Jan 23, 2015",308,4.2015,1,3578,3.83
iQcuxVUCfO4,WEIMA Shredder WL 1000 + Brikettierpresse TH 1500 M - Dreh- und Frässpäne,"Dec 5, 2012",308,6.3099,0,2676,6.2
EWHnYVm4TV4,WEIMA Single-shaft Shredder WKS 1800 with hydraulic drive shreds PP-Packing Strings,"May 14, 2019",307,6.6932,0,4566,3.48
2wF37Cyg0PA,WEIMA TH 1500 briquette press compacts wood shavings,"Dec 12, 2014",305,2.6547,0,3793,4.69
U712ETa1Rog,WEIMA WLK 10 shredder for disposable food packaging recycling,"May 19, 2015",305,4.8753,0,2844,5.1
s5gzsaoyF00,Timelapse of WEIMA in Ilsfeld,"Jan 10, 2020",303,1.4883,1,6365,1.63
4MQK2nTHf28,PUEHLER G.300 Recycling press draining and compressing aluminum beverage cans,"Nov 4, 2020",301,3.7583,0,3722,3.9
7fPZYxB7RPk,WEIMA TH 820 briquetter compacts paper filter dust,"Feb 27, 2015",301,3.5994,0,2812,5.97
HXl52aDy3xw,WEIMA Maschinenbau WLK 15 zerkleinert Kunststoff Abfall,"Mar 26, 2012",299,3.9195,0,1518,2.96
yvegrIPJttc,WEIMA TH 1500 M briquettes PU dust,"Sep 29, 2020",298,2.8307,-1,2762,4.78
Oc8uRnPg3zU,WEIMA WLK 1500 shredding of pressed aluminium foil and other aluminium scrap,"Nov 19, 2020",297,6.6778,1,4241,3.32
5htKxyzhTSc,WEIMA granulator WNZ - wood waste shavings,"Feb 11, 2014",296,3.339,1,2868,6.45
2v3oRzYcHm0,WEIMA Shredder ZM 40 shreds vines,"Jun 30, 2014",294,3.5768,0,4254,3.74
FvDeaHnQO9Y,WEIMA Shredder WLK 1500 zerkleinert Pulper Zopfabschnitte / pulper rope / rag pieces,"Jul 30, 2013",292,6.2789,2,1911,7.12
r73G1viwCNU,Shredding non-woven fabrics with WEIMA WLK800,"Oct 17, 2017",292,5.0618,0,4371,2.7
dXwq9_ykRXQ,Textiles shredding with the WEIMA WKS 1400,"Mar 29, 2019",291,4.0218,0,4574,3.15
7aO1_OjD6ic,WEIMA Schredder Spider 1500 H shreddert Papier,"Oct 1, 2012",287,2.8806,0,3283,5.42
dl4D8Y_8yoY,WEIMA TH 800 M briquettes grey cast iron shavings,"Jun 7, 2016",283,2.4096,2,2768,4.95
2w5bHu-Re94,WEIMA Maschinenbau Brikettierpresse TH1500M Aluminium,"Mar 23, 2011",278,4.7843,1,2044,5.72
l9ynJSf_eW4,Ultra slow-motion wood shredding / 1000 fps!,"Mar 23, 2015",274,2.0216,0,2463,6.05
hNUDefneM9E,WEIMA Spider 1500 H - veneer shredding,"Feb 20, 2014",272,4,0,2807,6.41
sYu0kgagdF8,WEIMA Brikettiermaschine C 150 brikettiert Textil-Staub / textile dust briquetting,"Oct 14, 2013",272,4.5155,1,1801,6.66
 -IjdUiUgQSk,WEIMA Shredder WKS 1800 Hydro shredding post-consumer rigid plastics,"Nov 27, 2020",270,3.118,0,3106,4.31
zhovuJ4OTuk,WEIMA WLK 800 shreds PE lumps,"Apr 15, 2016",270,3.0118,1,1951,7.07
wff0tFMtHqI,Shredding of fishnets from fish farm with WEIMA WKS 1800 Hydro,"Sep 29, 2020",267,7.0735,0,2433,5.14
yjCx2qv6EOY,WEIMA Shredder WLK 1500 shreds PVB film,"Dec 4, 2018",265,3.8111,0,4319,3.45
wc1hkvUl1Fk,WEIMA WL 800 wood veneer shredder,"Jul 22, 2014",262,4.7112,3,3259,4.54
4qxu6ynGp2I,WEIMA WL 8 shreds plastic boxes,"Nov 6, 2014",258,1.9092,0,2882,4.2
S-wpbsc3LPg,PUEHLER G.200 Recycling draining and compressing ketchup and mayonnaise bottles,"Nov 12, 2020",254,4.1769,0,3223,3.88
gIv7Z3pbSXY,WEIMA Shredder WLK 1000 zerkleinert Anfahrklumpen / plastic lumps shredding,"Feb 6, 2014",253,3.6147,1,2186,7.04
xxDM_6ob4Hc,PUEHLER G.300 Recycling drains and compresses beer cans,"Oct 21, 2020",248,2.3766,0,3514,4.3
JzKBumcRYTo,WEIMA Single-shaft shredders WLK 1500 shreds beverage crates,"Apr 19, 2018",247,3.721,1,2756,5.19
trqKpISy92o,WEIMA Single-Shaft Shredder WLK 1500 and Industrial Briquette Press TH 1500 M - Miscanthus Bales,"Feb 11, 2019",247,4.8472,0,4604,2.98
w7OxfEQ89E0,"WEIMA Schredder Spider 1500 H - Papier, Pappe, Binden","Nov 19, 2013",247,6.2564,0,3299,4.15
fHAfjBGF9qQ,WEIMA WLK 1500 shreds coconut shells,"Nov 30, 2020",246,2.9305,0,2840,4.26
ju4HlGqeXrM,WKS 2200 with INTAREMA 1716 TVEplus,"Aug 9, 2019",246,3.2065,0,4183,3.61
awHGnjMKG2A,WEIMA Shredder WLK 15 - Automotive Woven Scrap,"Feb 20, 2013",245,5.3527,0,1523,3.94
 -F1T2RZHnE8,WEIMA WLK 6s Shredder zerkleinert Kunststoff-Abfall / plastic scrap,"Feb 26, 2013",242,3.477,0,1980,3.18
rhIN827RnNQ,PUEHLER G.300 ReWork | Draining and compressing 1 liter disposable PET bottles,"Dec 7, 2020",242,3.0147,-1,3041,3.88
NwDHIrkXF5c,WEIMA | Merry christmas & happy holidays,"Dec 24, 2020",239,0.8758,0,1358,2.43
7J8COcLg9Zc,WEIMA Single-shaft shredder WKS 1800 with high torque drive,"Nov 5, 2018",238,3.3033,0,3141,4.68
wKfArZ6JOT0,WEIMA Maschinenbau WLK15 + WNZ310 1200 PET Folienrolle,"Mar 23, 2011",238,4.1845,0,1619,9.76
Z5DqUbAcbMY,WEIMA WKS 1800 Hydro shreds heavy PVC film,"Oct 31, 2018",237,5.4302,0,3332,4.65
KjnOoQw0YXM,WEIMA four-shaft shredder ZM 30 shreds PE foam,"Dec 19, 2014",232,3.1743,0,2756,3.63
fb3bIGVfhp0,WEIMA WLK 1500 shreds long thermoforming plastic scrap,"Jun 14, 2019",230,2.7936,1,4605,2.74
LmK35um0mAM,Shredding IBC Container with WEIMA WLK 1500,"Feb 28, 2019",228,3.4255,0,3462,3.03
hDRwfhnskqo,WEIMA Maschinenbau WL8 shreddert Holz Kisten / wooden boxes,"Jul 13, 2012",225,2.1054,0,2507,6.14
7j6xPnVVdB0,WEIMA Brikettierpresse HD 700 K - Kunststoff,"Jan 3, 2013",224,3.1876,0,2349,4.68
Ueqxj13NM7s,WEIMA WL 4 & TH 800 M recycle aluminum tubes,"Jan 27, 2016",224,3.1644,0,3059,2.48
av7XyJJbuzs,WEIMA Hacker Spider 1500 H zerkleinert Furnier,"May 19, 2014",221,2.9497,0,2453,5.14
oYcABYzGCJc,WEIMA FineCut - Müll-Zerkleinerung (Ersatzbrennstoff) EBS,"Sep 26, 2012",221,6.273,1,2274,4.53
4RXd7pDcNjo,WEIMA Maschinenbau Shredder WL 4 zerkleinert Aluminium,"Jul 24, 2012",217,2.5287,0,1644,4.44
2faZDPn8BcY,WEIMA Holz-Hacker WLH Tiger 400 zerkleinert Holzleisten und Abschnitte,"Apr 8, 2014",216,3.5138,0,2853,3.68
I7IRVHCgK3Q,WEIMA C 150 briquetting machine compacts cotton scrap,"Sep 15, 2014",214,2.0786,0,3127,2.88
Zr4eiUU96YY,WEIMA ZM 50 destroys metal archive lockers,"May 2, 2016",213,2.7237,0,2647,3.48
_1-ldpjKM4Q,Warum zerkleinern wir? | WEIMA,"Oct 20, 2020",213,2.7241,2,2850,1.75
_GNdqIM-qQs,WEIMA Maschinenbau Zerkleinerer ZMX40 2x15kw Festplatten Leiterplatinen,"Mar 23, 2011",212,3.174,0,1879,5.75
ilc2KSAe6t8,WEIMA WLK 4 shreds empty water gallons,"Mar 27, 2015",211,2.8321,0,2470,4.53
SSts8sig4Iw,WEIMA Aluminum Brikettierpresse TH 1500 AL,"Jun 11, 2015",210,2.0134,0,2498,3.92
nUypsvU3-gg,Oettinger aluminum can draining and compressing with PUEHLER G.200 Recycling press,"Oct 21, 2020",210,2.6357,0,1965,4.83
ub2USUS_MlY,WEIMA WLK 4 shreds steel shavings (metal recycling),"Jun 22, 2016",209,1.4952,1,2490,4.42
Qd-RaMfj7PM,"PUEHLER press compressing beer bottle caps @ Rothaus Brewery, Germany","Nov 17, 2020",208,4.2767,0,2410,2.95
Th3oFpe-XZE,WEIMA WL 4 shreds EPS blocks,"Nov 17, 2020",208,2.0946,0,2759,3.26
VPlNeXzT09E,WEIMA universal shredder PowerLine 3000 shreds straw bales,"Feb 5, 2019",206,3.1514,0,3193,3.51
623RXWg-PgM,PUEHLER draining presses @ BrauBeviale 2019 in Nuremberg,"Oct 21, 2020",205,3.6926,0,3010,3.19
F-dlm1NyjjE,WEIMA WLK 15 with Erema TVE 160 shredding plastic film,"Nov 5, 2018",204,2.0172,0,4335,2.63
PLu0t3241y0,Weima Spider 1500 shredding huge foil rolls,"Oct 11, 2017",203,5.8957,0,3030,3.47
FZjzF0qOUBM,WEIMA WKS series High Torque Drive shreds PET Packing Straps,"Jan 15, 2019",201,3.5689,0,3374,3.56
2A9L0mlE918,5 liter beer can compressing with PUEHLER G.300 Recycling packaging press,"Oct 21, 2020",199,2.0971,0,2985,3.79
nfVs3G8VM3A,WEIMA HD 514 steel briquetting press,"Apr 15, 2015",199,2.5031,0,2228,4.44
DDo-AUIpH5Q,WEIMA briquette press C 150 compacts MDF dust,"Jun 11, 2015",196,1.2574,1,2529,3.28
LqYvgH2qOEU,Powerful WEIMA WKS 1800 single-shaft shredder shreds various used plastic trash cans within seconds!,"Jul 24, 2018",196,2.3115,0,2956,3.45
WQBRBLSxYBA,Foam Shredding & Briquetting with WEIMA ZMK 50 & TH 800 S,"Mar 13, 2017",196,3.6561,1,2862,2.03
tqKLgkau8OM,WEIMA Shredder WLK 1500 - Auto-Stoßstangen / car bumpers,"Jul 4, 2013",196,3.9673,0,2307,4.85
BX9kFJuS9ZE,Briquetting Copper Swarf with WEIMA TH 800 M Briquetting Press,"Jul 23, 2018",195,2.979,0,2373,6.7
UiI42I7bxE8,WEIMA Shredder WL 4 - Stiles (USA) Hausmesse,"Mar 14, 2013",195,2.5048,0,1670,4.79
icb1jxJGmHs,PUEHLER G.300 Recycling press with needle roller drains plastic bottles within seconds,"Oct 21, 2020",195,2.1546,0,2135,4.07
nQw_N_00InI,WEIMA Brikettierpresse TH 900 S Vario Plus Duo - Papier,"Apr 5, 2013",194,2.5543,1,2038,4.12
1nouLsJJ2dw,WEIMA machine presentation from IFAT 2018,"Jul 16, 2018",192,5.7624,0,2450,4.82
qxzGHi01i4I,WEIMA WLK 2000 shreds textiles and footwear,"Mar 28, 2019",191,1.9111,0,3368,3
pM8kZUWeO3s,WEIMA TH 800 M briquettes casts aluminum shavings,"Jul 15, 2016",190,2.9007,0,2632,3.42
ppz8lUBkZjo,WEIMA Shredder Spider 1500 H - Gummi Matten / rubber mats,"Jul 19, 2012",190,3.3541,1,1673,5.62
WCNQ5jPyroI,WEIMA WLK Single-shaft shredder 1500 shreds plastic cables,"Jul 5, 2018",188,2.4388,0,2204,3.95
PmVVZTSn2Tk,Big Bag Shredding With WEIMA WLK 1500,"Jan 9, 2017",184,1.5195,0,2401,3.21
SysopkPaKwo,WEIMA Spider shredder shreds heavy rubber mats,"Jun 8, 2016",181,2.2886,0,4396,1.66
iGUpTj6s_k4,sustainable trade show: Destroy Responsibly™ Campaign on the  AWFS 2019 in Las Vegas,"Nov 25, 2019",179,4.1088,0,13106,0.95
33vVIqdt4fk,WEIMA WL 4 AL shreds titanium shaving,"Sep 29, 2020",178,1.3954,-1,3279,2.99
FoxamEaIRJ0,WEIMA Shredder WLK 15 Jumbo - Papier / paper,"Jun 4, 2013",177,3.0602,0,1579,6.78
NMZL61QkWas,"PUEHLER G.300 ReWork | Emmi, Switzerland | English Version","Nov 6, 2020",176,3.5242,0,3127,2.37
askKTMD37so,WEIMA machines shred metal swarfs,"Mar 1, 2019",176,2.4771,0,5283,2.06
ujwa5j2aRqw,WEIMA Briquetter TH1500 brikettiert Alu-Späne / aluminum briquetting,"Dec 11, 2013",176,3.4653,0,1929,5.29
JPHd_OQCrFk,Ironing Board and Office Chair Shredding,"Aug 18, 2016",175,1.6203,2,4014,2.59
dBbWv5eWyeA,WEIMA Single-shaft shredder WLK 1500 shredding plastic pallets,"Apr 23, 2018",173,2.172,1,4008,2.37
udLpStr9aro,WEIMA WL 4 - Industrial Shredder,,169,4.3053,0,11,0
6yeLSiHeZrY,WEIMA WLK 800 & HD 514 Aluminum Shredding & Briquetting,"May 21, 2015",168,3.628,1,2296,3.96
rqrrM6okm6U,WEIMA Shredder Spider 1500 H shreds PVC window profiles,"Jan 20, 2014",166,2.0169,0,1635,4.77
 -opeL0-btLs,WEIMA chain impactor WQZ 900 breaks up plastic e-waste,"Jun 26, 2014",164,2.5787,0,2460,3.7
ays8wjfMqQM,WEIMA WL 4 Shredder shreds LED bulbs,"Jan 28, 2014",164,2.2384,0,1631,4.9
VSG1esFD5N4,Food can draining and compressing with a PUEHLER packaging press,"Oct 21, 2020",163,1.105,0,2816,3.05
Q50-QDH8eHY,WEIMA WLK 20 J shreds XPS blocks,"Nov 17, 2020",158,2.7845,0,2087,3.45
0aa2_BefwGI,WEIMA ZMK 50 shreds PU plates,"May 15, 2019",157,1.8309,0,3713,2.94
g8bPknDZXKw,WEIMA Shredder WLK 6s - Kautschuk / rubber,"Feb 25, 2013",156,2.1384,0,1057,6.05
E2WdkCnP7E4,WEIMA Brikettierpresse TH 714 brikettiert Zigaretten Filterpapier,"Jan 29, 2014",155,2.774,0,2099,3.24
OqVsroHfErU,WEIMA Brikettierpresse C 150 AL - Aluguss-Späne,"Mar 8, 2013",155,1.8524,0,1517,4.28
PXTfWxt6sCY,WEIMA Maschinenbau WLK15 110kw Hydro Märkische Faser,"Mar 23, 2011",155,4.1947,0,987,6.28
z0gm2Y7OViY,Shredding plastic garbage cans with the WEIMA WKS series shredder high torque drive,"Jan 15, 2019",155,2.4014,0,2930,3.34
BG9J1SZytPw,WEIMA WLK 800 plastic lumps shredder,"Apr 16, 2015",151,1.5328,0,2018,4.16
MfQx5LJK2pk,PU dust briquetting with WEIMA Briquetting Press C 150,"Dec 15, 2016",150,1.0804,1,1867,4.23
dYssAFI7HZI,"WEIMA Single-shaft shredders WLK 1000 shreds books, paper and office files","Mar 7, 2019",150,1.722,0,5208,1.75
fcJTp73O_Ds,WEIMA WLK 1000 & TH 1500 aluminum shavings shredding & briquetting,"Jan 13, 2016",150,3.3864,1,2279,2.15
fl93Ogi19uI,A WEIMA WLK 1500 shreds PVC pipe sections,"Apr 18, 2019",150,1.5991,1,4444,2
2ReDIpJfEUk,Shredding of wheely bins with WEIMA WPL Series,"Oct 9, 2018",149,2.0273,0,2228,2.92
nXeLrxc6FMA,WEIMA WKS 1800 Hydro shreds rubber mats,"Oct 26, 2018",147,2.1868,0,2713,3.5
Esh49v8EfeQ,WEIMA Plastic Shredder WLK 4 - Anfahrklumpen,"Jul 3, 2013",146,1.9998,0,1363,4.11
IJNKY3Hgquk,WEIMA Shredder Spider 1500 H  zerkleinert Glasfaser / glass fiber shredding,"Mar 19, 2014",143,3.6535,1,2274,3.87
20laGotp4Y8,WEIMA shredder WLK 800 shreds extremely tearproof aramid fiber,"Jul 25, 2014",142,1.8499,0,1611,3.66
_5M-md4rhB0,Holz-Handwerk 2016 Time Lapse WEIMA,"Mar 18, 2016",141,0.6356,0,1709,0.7
2CgWmORd1FU,WEIMA WL 4 shreds wallpaper waste,"Jan 14, 2016",139,1.2305,0,2428,2.88
8mhcGUGPKQw,WEIMA WL 4 shredding of silicone insulators,"Sep 29, 2020",138,1.5287,0,2049,3.51
27CupUnPsA0,WEIMA briquette press C 150 - PU foam,"Jul 16, 2014",137,2.3609,0,2011,2.78
nRCAsB4kNwc,WEIMA WLK 4 with 22 kW for EREMA,"Sep 14, 2018",135,1.3084,0,2580,2.52
p2gbpwnuHBw,WEIMA Single-shaft shredder WLK 4 shreds PC and ABS Lumps with 20 mm screen,"Feb 28, 2019",132,1.8726,0,3109,2.51
SefYKaBJ2a4,WEIMA WL 4 Shredder - PU foam,"Jul 16, 2014",130,1.9456,0,2314,2.9
BPhRf93rfsY,WEIMA HD 514 AL briquette press with petrolium injection,"Oct 8, 2015",129,1.4242,0,1828,3.56
kBcNl4yAZgE,WEIMA Maschinenbau Zerkleinerer / Hacker WLK15 90kw Furnier,"Mar 30, 2011",129,2.4413,1,1387,3.97
E1Hrd8yRs7k,WEIMA Shredder WLK 6s - Filz,"Apr 5, 2013",128,1.627,0,2137,3.88
V8iaqK6N65w,WEIMA Briquetter C 150 brikettiert Papierstaub / paper dust,"Nov 6, 2013",128,1.7132,0,1340,5.9
793mq99TjgY,WEIMA WL 4 shreds used ammunition / cartridge cases,"Oct 16, 2015",127,1.0352,0,1762,3.75
iEnWvyoSzrU,WEIMA EcoLine 2000 - shredding of pulper ropes,"Mar 1, 2016",127,2.8805,0,1278,4.62
aQZBleoA1pk,WEIMA WLK 1500 shreds cardboard rolls in seconds!,"Mar 31, 2015",125,1.4255,0,1662,4.21
w96Im4sz32M,"WEIMA Jumbo with hydraulic drive shredding BOPP film, cast film and lumps","Feb 27, 2019",124,1.587,1,3562,2.36
rPHEp1MjBsM,WEIMA Zerkleinerer WL 8 shreddert Alu Späne und Abfälle,"Apr 4, 2014",122,2.1342,1,1769,3.73
XyQ9PkwbOUM,WEIMA four-shaft shredder ZMK 50 shreds textiles,"Jul 25, 2018",121,1.7179,0,2277,2.5
VGTv7222kow,"WEIMA WLK 1500 shreds plastic bottles, labels and caps","Jul 20, 2016",120,1.2552,0,2496,2.6
2193QtS0lYg,WEIMA WFC2500 Installation in Korea,"Jan 18, 2018",119,1.4393,1,2125,3.2
Z0kmvx8Xerc,WEIMA single-shaft shredder WKS 1800 shreds plastic waste bins,"Jul 25, 2018",119,1.2139,0,2350,2.77
GEgo-_3k2KU,WEIMA Shredder WLK 1500 shreds EPS Styrofoam,"Jan 28, 2019",117,1.2549,0,2789,1.79
 -tdaJ7kDByw,WEIMA Vier-Wellen-Shredder ZMK 50 - PP Automobil- Stanzabfälle / automotive PP scrap,"Nov 27, 2013",115,1.6319,0,1467,2.18
jvmuxR3Xo-o,WEIMA WKS1800 shredding of post-industrial PE film,"Mar 15, 2018",114,1.4582,0,2273,2.9
s5hjOLCevHA,WEIMA briquette machine TH 1500 compacts diapers,"Mar 17, 2014",114,1.7278,0,2390,3.39
J1BbvesZjcI,Shredder vs. Sony Vaio Notebook / laptop,"Jul 29, 2013",112,1.1144,0,1433,5.09
8EWIIlo16Vw,WEIMA PowerLine 3000 waste shredder direct feeding,"Jan 30, 2015",111,1.6469,0,1348,3.56
QgJlOi5K-cY,WEIMA WLK 1500 shreds PVC flooring,"Jan 24, 2017",111,1.4933,0,2336,2.1
 -tUDy2Nm-yU,WEIMA Shredder Spider 1500 H zerkleinert Getränkedosen / shredding beverage cans,"May 15, 2013",108,1.2147,0,1360,3.01
Iy7wP6pwxIU,WEIMA WLK 6S Zerkleinerer shreddert Kunststoff Abfall,"Oct 24, 2012",107,1.5341,0,927,2.91
JghD98zqfOU,Shredder vs. Vinyl,"Dec 17, 2013",107,0.8277,0,658,7.14
wf4fL_7xhYM,WEIMA shredder Spider 1500 H shreds airbags (car recycling),"Jul 16, 2014",107,1.4563,0,1844,2.77
8c8_RdqLi1o,WEIMA Spider 1500 H shreds foil bales,"Oct 11, 2017",106,1.3705,0,1851,1.89
NhNveEYlu3Q,WEIMA Shredder WLK 15 PE-Rohr-Zerkleinerung / pipe shredding,"Dec 6, 2013",106,1.8153,0,1776,3.38
fcMqlllYwPo,EPS Shredding & Briquetting with WEIMA WLK 800 & TH 814,"Oct 11, 2016",105,0.7804,0,1721,2.79
85KJCwhLfaw,WEIMA Brikettierpresse HD 1500 - Deodorant Dosen,"Dec 19, 2012",104,1.0792,0,1705,3.99
HyzhI39-QkU,WEIMA WLK series shreds used matresses and textiles,"Jul 20, 2018",104,1.3311,0,2056,2.92
SPJw2ZIX__0,WEIMA WL 4 Shreds teflon waste,"Jan 19, 2017",104,0.9368,0,2097,2.53
x29M_EKixSE,WEIMA ZMK 50 shreds aluminum cuttings,"Jun 11, 2015",102,1.2322,0,1466,3.48
0wPPEHJ-FoY,WEIMA shredder WLK 800 shreds polycarbonate lumps,"Dec 1, 2014",101,1.1008,0,1227,3.5
oZ7weMucR8Q,WEIMA briquetting press HB 800 S compacts insulation material,"Jan 14, 2015",101,1.6341,0,1686,3.56
 -QpiaOge-hU,WEIMA Brikettiermaschine C 150 brikettiert Klebe-Folie,"Jul 12, 2013",100,1.4613,0,792,5.56
UcVV6vY22kY,WEIMA WLK 800 shreds paper documents and cardboard,"Apr 22, 2016",100,1.5738,0,1534,3.52
mHa8FS1AiMs,WEIMA Spider shreds airbags in seconds!,"Sep 24, 2015",100,1.429,0,1175,4.94
uqnRnT9EoR0,WEIMA WKS 2200 shredding wood waste with 80mm screen,"Jun 19, 2020",100,1.4085,0,283,6.36
oP42BS_0K5c,WEIMA Shredder ZMK 50 zerkleinert PVB Folie / shredding PVB film,"Jul 10, 2013",98,1.6007,1,1121,3.93
yEMXoZscn64,WEIMA Shredder Spider 1500 H shreds fiberglass plates,"Jan 20, 2014",98,1.4299,0,1393,2.15
7-QqbvhQo_4,WEIMA Spider 1500 H shredder shreds carpet,"May 12, 2014",97,1.716,1,1327,3.77
s1S04Mw54k4,WEIMA EcoLine 2000 shreds pulper waste ropes,"Feb 18, 2015",97,0.7209,0,1546,3.43
lzjvobtl3CI,"WEIMA WLK 1500 shreds acryl, plexiglas and PMMA plates","Mar 8, 2019",95,1.5581,0,3309,1.57
g3leXbeMwIY,WEIMA WLK 1500 shreds textile floor mats,"Nov 19, 2018",93,1.4525,0,3003,1.83
wFkFChchwS4,WEIMA WLK 4 Shredder zerkleinert Carbon Fasern mit Epoxidharz / carbon fiber,"Nov 19, 2013",92,1.4111,0,1335,3
ELd0k7JKvNg,Better use a PUEHLER press,"Oct 21, 2020",90,0.3609,0,2254,2.09
JUCpg9zwEz0,WEIMA ZM 50 shreds plastic boxes for recycling,"Apr 27, 2016",90,0.866,1,1645,2.8
jPiIJrGiRFs,PUEHLER P.200 G press draining and compressing aluminum beverage cans,"Oct 21, 2020",89,3.0957,0,938,2.45
U6JfsQxg4GY,WEIMA Shredder Spider 1500 H - PE-Schaum / PE foam,"Mar 11, 2013",87,1.1402,0,1038,3.56
ICZZraXXPgI,WEIMA Shredder WL 8 zerkleinert eine Gitarre / guitar shredding,"Feb 18, 2013",86,0.6274,0,1515,2.71
mzUFpEvWQcc,The Art of Shredding - WEIMA Hacker in Zeitlupe / High Speed Kamera,"Apr 11, 2012",86,1.4941,0,1161,3.53
rBxFky6mPTs,WEIMA Schredder WLK 10 zerkleinert Folien / film shredding,"Nov 6, 2013",82,1.7307,0,860,1.63
7LKlSr7Dz8w,WEIMA WLK 13 Shredder zerkleinert Carbon Fasern,"Mar 9, 2015",80,1.0931,0,1238,2.58
e-DDJheS3_Q,WEIMA Spider Shredder shreds synthetic leather,"Dec 15, 2015",80,0.6561,0,1590,2.58
vFfc645wgnI,WEIMA Zerkleinerer Spider 1500 H zerkleinert Papier Tücher,"Sep 28, 2012",80,0.6954,0,1044,3.07
DrreFopNCeI,WEIMA Zerkleinerer Spider 1500 schreddert Big Bags / big bag shredding,"Dec 19, 2013",79,0.985,0,1451,2
SjEsdZZGxTU,WEIMA Maschinenbau Shredder Spider 1500H - Verpackungsschnüre - strings,"May 16, 2012",79,1.9959,0,995,3.52
Ujkn1ugWCrU,WEIMA Vier-Wellen-Shredder ZMK 50 zerkleinert Etiketten / label shredding,"Nov 13, 2013",79,0.8193,0,1105,2.35
c8xG5Gn7sA4,WEIMA Briquette Press C 150 compacts aluminum swarf,"Mar 24, 2014",79,1.0094,0,1188,3.37
cqfz7F00hGw,Fiber-reinforced pipes shredded with WEIMA WLK 1500,"Feb 21, 2017",78,0.7789,2,1755,1.71
3BrctFukjq0,WEIMA Spider 1500 H Shredder - Pulper Rejects,"Nov 13, 2012",77,1.6303,1,891,4.04
kCJosKXDlkY,WEIMA WLK 800 shreds production waste rubber mats,"Jun 15, 2016",77,0.9908,1,1837,2.61
ZDnwVPp7pSE,WEIMA TH 800 M briquette press compacts steel shavings,"Aug 5, 2020",76,1.0155,0,283,8.13
2kofa22iXSc,WEIMA machine news at the trade show Holz-Handwerk Nuremberg 2018,"Jan 30, 2018",75,1.7391,0,2175,1.89
ng0qCa_Mm2c,WEIMA Maschinenbau ZMK40 Zerkleinerung / Recycling von Folie,"Mar 21, 2012",75,0.7648,1,1157,3.37
fkepg5Bk-HU,WEIMA Schredder WLK 6s zerkleinert HDPE und LDPE,"Apr 9, 2013",74,1.0455,0,832,4.45
s0KlDpn3kNM,WEIMA shredding light fraction plastic waste bales,"Jan 23, 2018",74,1.0657,0,2141,2.06
q0IXUnpTfuw,WEIMA Maschinenbau TH 2800 Brikettierpresse - Aluminium,"Jul 26, 2012",73,0.8793,0,1281,2.65
5KR0TTdMluc,WEIMA Maschinenbau Spider 1500 H - schreddert Auto-Innenverkleidung,"Sep 12, 2012",72,0.5198,0,804,1
E8mR9i1SVCg,WEIMA Maschinenbau Spider 1500S 90kw 40mm Sieb Vlies und Verbundfolie,"Apr 6, 2011",72,1.8196,0,1199,4.42
bpNAFysA_7I,WEIMA Spider 1500 shreds BOPP film,"Mar 7, 2016",71,0.8246,0,1700,2.12
75kZEATtv_Q,"WEIMA Maschinenbau FineCut 2500, 250 kW - Bau- und Gewerbeabfall","May 2, 2012",70,1.1965,0,1104,4.17
Gy7h-6_29Ns,"WEIMA ZMK 50 shreds hard discs, data media and paper according to DIN 66399-2","May 29, 2020",69,1.4855,-1,329,6.69
PxK1nHraTzI,WEIMA WLK 800 secondary battery shredding,"Nov 18, 2015",67,0.9122,0,1579,2.09
l4s70CeVRV8,WEIMA Maschinenbau Spider Zerkleinerer / Hacker - schreddert IBCs und HDPE Tonnen,"May 29, 2012",67,1.4053,0,1005,2.69
 -KghDCYjrI8,WEIMA Spider 1500 shreds fiber and straw,"Mar 25, 2015",66,0.869,0,1368,1.9
4Bpkr0RKiLY,How successful do you want to be? VDMA wood machinery,"Sep 25, 2014",66,2.1388,0,1474,2.17
iVbSXepyxe8,WEIMA Shredder WLK 10 zerkleinert Papier / paper shredding,"Feb 11, 2013",66,0.9069,0,1124,3.2
KXxPVz27a0U,WEIMA Shredder WLK6S - Gummi-Bahnen Dach,"Dec 21, 2012",65,0.9054,0,572,4.55
UXo9MoFoNrg,Shredding Roof Insulation Rolls with WEIMA ZMK 50,"Mar 8, 2017",65,0.7161,0,1803,1
bYq-ZMjRAtc,WEIMA WLK 800 PS fiber shredder,"Feb 26, 2015",65,0.7466,0,1234,3.24
liIlIk1XwUI,WEIMA WLH  800 Tiger Jumbo - shredding of foam insulation material,"Jun 25, 2018",65,0.7749,0,1905,1.47
oBKlOr4k7aQ,WEIMA Zerkleinerungsmaschine WLK 4 shreddert Carbon-PA-Kunststoff,"Sep 26, 2013",65,0.8363,0,1158,2.85
2O042xH1YfE,WEIMA Spider 1500 H shredding boat building composite tools,"Jan 26, 2015",64,1.138,0,1954,1.64
Ulfr2aPa8aY,WEIMA Single-shaft shredder for plastic applications WKS 1800 Hydro shreds flower pots,"Nov 15, 2018",64,1.058,0,2419,1.9
rVvkA-LJlxE,WEIMA WLK 1500 shreds EPP waste,"Oct 11, 2016",64,0.7336,0,1416,1.98
PUT03hbpLYE,WEIMA WLK 800 foam production waste shredder,"Jun 16, 2016",63,0.6811,0,1729,2.02
eABhpXxXCI8,WEIMA shredder WLK 800 shreds polymer scrap,"Jul 16, 2014",63,0.6931,0,1300,2.46
6610j9iof4c,WEIMA Single-shaft shredders WLK 1500 shreds thermoforming plastics,"Mar 7, 2019",62,1.2179,0,2799,1.54
Zr-ZBph7uP4,WEIMA Maschinenbau Spider 1500H - zerkleinert Kühlschränke / shredding fridges,"May 14, 2012",60,1.0929,0,887,2.71
1_ZQeNpGU3A,WEIMA Einwellen-Zerkleinerer Spider 1500 H zerkleinert Zellstoff,"Sep 20, 2012",59,0.6239,0,890,2.92
36yMJY7R71U,Start metal recycling today!,"Nov 4, 2015",58,0.7224,0,1395,2.37
4IhXMltlRDs,WEIMA Shredder WLK 1500 shreds film rolls,"Jul 26, 2018",58,0.6766,0,1716,2.16
mCHG1vKwK_M,WEIMA WLK 800 shreds carpet edge trims,"Feb 28, 2019",57,1.0378,0,2440,1.23
D11TGYxOtuo,WEIMA WLK 1500 shreds giant piece of plastic,"Apr 27, 2016",56,0.2678,0,1171,2.82
4o_SzdOupvw,WEIMA Shredder ZMK 50 zerkleinert PE-Blutplasma-Flaschen,"Oct 11, 2013",52,0.6345,0,924,3.25
r2Vrzambsfg,"WEIMA Maschinenbau Shredder / Hacker Spider - Seile, Schnüre","May 31, 2012",52,0.6756,0,823,1.7
PnZ-x1x5LCQ,WEIMA WLK 800 shreds PE/PU pipes,"Apr 15, 2016",50,0.5237,0,1326,1.43
sAabof0F360,WEIMA at LIGNA 2015 in Hannover,"May 18, 2015",50,0.5941,0,950,3.79
HV1azjHoE3I,WEIMA shredder Spider 1500 H shreds bed covers,"May 27, 2014",49,0.7108,0,1414,1.49
MwYE_BRnUlQ,WEIMA Spider 1500 shreds film bundles,"Apr 27, 2016",49,0.5073,0,1264,2.14
l7Yhc8QyKlg,WEIMA WLK 800 shreds Flip Flops stamping waste,"Jun 16, 2016",49,0.3534,0,1620,1.91
C9ib12l1CNU,WEIMA Spider 1500 shreds big LD-PE lumps,"Feb 10, 2015",48,0.6021,0,1152,2.17
NprwaUcPHlQ,WEIMA WLK 800 shreds PE plastic lumps,"Apr 27, 2016",47,0.4541,0,1345,1.71
 -CZFPHTVnko,"WEIMA WKS 1800 Hydro shreds towels, clothing (from the hospital) in bales",,45,1.0231,0,69,4.35
S-l9hbujZtM,WEIMA Shredder WLK 10 - PET Fasern,"Mar 27, 2013",45,0.4555,0,655,2.6
BYi_FCSGPro,WEIMA WLK 800 & C 150 shred and compact fiber glass boards,"Feb 11, 2016",43,0.4647,0,966,2.8
TR6vJlol3i4,WEIMA shredder WLK 15 shreds PVC floorings,"May 23, 2014",43,0.9658,0,995,1.81
VjnK7A1OajE,WEIMA Maschinenbau Spider 1500 H schreddert Agrarfolie agrofoil,"Aug 20, 2012",43,0.4793,0,803,3.61
ai-4kCZ4q5I,WEIMA ZM shreddert Auto Armaturen Bezug,"Nov 9, 2012",42,0.5026,0,767,2.61
KLSyz37JPAg,WEIMA WPL 1500,,41,1.1155,0,28,3.57
68IjA09NQ8U,WEIMA Service | Wartung eines Einwellen-Zerkleinerers,,40,1.3116,0,42,7.14
J2npMmiH8F4,WEIMA Zerkleinerer Spider 1500 H shreddert Vlies,"Feb 8, 2013",40,0.4035,0,711,3.23
QddTUwj7RcQ,Food packaging shredding with WEIMA WLK 1500 plastic shredder,"Dec 5, 2016",40,0.1676,0,2037,1.18
5bEPVA04tpA,WEIMA Maschinenbau Shredder / Zerkleinerer WLK15  - Zellstoff,"Mar 10, 2011",39,0.5038,0,602,4.65
BdG7CL08Hkc,WEIMA Spider 1500 H Shredder - Plastic Bag Shredding,"May 12, 2014",38,0.4156,0,1305,1
KbjPLRUl-IY,WEIMA Shredder WLK 4 zerkleinert Faserplatten,"Oct 29, 2013",38,0.4619,0,823,3.52
Zpl_T4xEob8,WEIMA Four-shaft shredder ZMK 50 shreds wet wipes,"Jun 22, 2016",38,0.2926,0,1296,1.62
g0p1l56cTmQ,Wartung Zerkleinerer V1,,38,2.7133,0,51,5.88
vRl5NlggvJg,WEIMA Shredder Spider 1500 H - PET Fasern,"Dec 10, 2012",38,0.6333,0,764,2.62
ypf84Yz8tUA,WEIMA Zerkleinerer WLK 4 shreddert Klebefolie / adhesive foil shredding,"Jul 12, 2013",38,0.5533,0,756,2.12
1xc5wF3_mHQ,WEIMA WLK1500 shredder shreds cellulose,"Aug 19, 2014",36,0.597,0,309,5.5
Fgs8eYA2jJA,WEIMA Zerkleinerer WLK 4 shreddert Spritzen / medical waste shredding,"Jul 12, 2013",36,0.4065,0,745,2.01
m7fS09QbUIw,WEIMA WLK 1500 shreds automotive carpet (Komárom),,36,0.6214,0,53,3.77
FtaJdU3lnEY,WEIMA WLK Baureihe,"Jul 16, 2018",35,1.9469,0,1722,1.57
HAQkNTlLu2o,WEIMA plastic shredder WLK 800 shreds polymer scrap,"May 27, 2014",35,0.2259,0,1369,1.46
g2j9Vnzyvno,WEIMA Spider 1500 shreds toiletries,"Feb 3, 2014",35,0.4363,0,747,2.41
rs3xd_p9hDI,WEIMA WLK 1500 shredding of Skis,"Sep 12, 2018",35,0.2458,0,1798,0.95
8u7t11lFRPw,Shredding cartonplast with the WEIMA shredder WLK 1500,"Sep 12, 2018",34,0.3943,0,2139,1.03
LL2uFS5YBxs,WEIMA Maschinenbau Spider 1500S 90kw 40mm Sieb Big Bags,"Mar 25, 2011",34,0.7706,0,756,2.51
Yat7JojDRIE,WEIMA Service | Wartung einer Brikettierpresse mit Zangentechnologie,,34,2.0136,0,37,2.7
nHeoRrvvMDQ,WEIMA Shredder WLK 10  - PA Fasern,"Mar 27, 2013",34,0.3609,0,561,1.43
9ogUMcy0YZ4,WEIMA WLH 300 Horizontal-Zerkleinerer shreddert PE-Rohrisolierungen,"Mar 11, 2014",33,0.3899,0,836,2.15
HD3gOh1ossI,WEIMA PowerLine Service,"Dec 9, 2013",33,0.9546,0,0,
Ca9DfOKP4Cg,WEIMA Zerkleinerer WLK 4 schreddert PTFE Rohlinge,"Jul 16, 2014",32,0.4261,0,1074,1.96
_ap79vsQucY,Still freezing at the German headquarters,"Jan 25, 2017",32,0.1214,0,4811,0.52
bq7uggay9VI,WEIMA Maschinenbau Zerkleinerer / Hacker WLK15 Hydro + WNZ 500-600 PVC,"Jun 10, 2011",32,0.5838,0,778,2.31
d-I2Pb6xbaA,"WEIMA @ Aluminium Messe 2016, Düsseldorf","Dec 9, 2016",32,0.4038,0,2346,0.68
xAx7aKT_UU0,WEIMA Maschinenbau Zerkleinerer / Hacker WLK15 90kw PVB Folie,"Mar 10, 2011",31,0.661,0,661,2.57
NJmzHU-FhjY,WEIMA Service | Austausch der Führungsleisten,,30,1.2704,0,3,33.33
Nr_IFvLHM9Y,Waste shredding with WEIMA,"Sep 28, 2015",30,0.3046,0,1236,1.38
2xpz9jfeC8Q,WEIMA Maschinenbau WLK6S - Gewächshaus Folie / greenhouse film,"Jul 9, 2012",29,0.3099,0,1104,1.18
5l47cdD10LY,WEIMA Maschinenbau WLK4 - zerkleinert Polycarbonat Anfahrklumpen / shredding polycarbonate lumps,"May 22, 2012",28,0.3214,0,734,2.04
dUVGRSucJZY,WEIMA shredder Spider 1500 H shreds Fiber,"Feb 20, 2014",28,0.2118,0,955,1.68
pFjVGDTNWqQ,WEIMA Maschinenbau Zerkleinerer / Hacker WLK 4 Polstermaterial,"Jul 6, 2011",28,0.3063,0,695,2.3
zuadc7CW8-w,WEIMA Service | Austausch der Führungsleisten,,28,1.5472,0,14,14.29
68Ml2vy042A,Start plastic recycling today!,"Oct 12, 2015",27,0.3213,0,1305,1.15
JP-E1veb4tA,Paper recycling at its best,"Oct 29, 2015",27,0.3168,0,1364,1.32
g1uNyN-5OaI,WEIMA Shredder Spider 1500 H - Kautschuk / rubber,"Jan 10, 2013",27,0.3367,0,860,1.28
HHGdHUGNJgI,WEIMA @ IFAT 2016 Time Lapse,"Jun 6, 2016",26,0.0902,0,1486,1.35
YflccMaFUcg,// Nicht verwenden // Briquetting Balsa wood dust with WEIMA C 150,,26,0.1908,0,41,7.32
iGZMWux8dBk,WEIMA WLK 1000 and ZM 30 shreds foam,,26,0.5618,0,7,0
1OayUWc7H7Q,WEIMA Spider 1500 H shreds multifilaments,"Feb 20, 2014",25,0.419,0,738,1.76
1YdfbJU6dEE,WEIMA Wayfinding Time Lapse,"Aug 4, 2016",25,0.1825,1,1692,0.95
bMQpwEyQs9g,WEIMA Maschinenbau Spider zerkleinert Auto-Klebefolie,"Jun 19, 2012",25,0.3967,0,791,1.9
ivc0bUgk7Cc,WEIMA Maschinenbau Shredder Spider 1500H 90kw Verpackungsschnüre,"Oct 26, 2011",25,0.6132,0,592,2.03
7XHBJem5vxY,WEIMA PowerLine 2500 shreds rigid post-consumer plastics HDPE waste bins at VEOLIA in Sweden,"Oct 6, 2020",24,0.5045,0,32,12.5
FP0UrfHS_fA,WEIMA Shredder WLK 15 zerkleinert PVC Dachabfälle / roofing scrap,"Jun 3, 2013",24,0.2399,0,941,1.59
L95tQoDylJU,"WEIMA Service | WL 4, WL 6, WL 8",,24,1.4765,0,24,0
QpEfo64wU30,WEIMA WLK 1000 shreds PP packing strings,,24,0.5937,0,8,12.5
S_-WXIecT3Q,WEIMA Maschinenbau Hacker / Shredder WLK 4 - Filz / felt,"May 24, 2012",23,0.2989,0,1089,0.92
iGo_MhCxMyg,Winter Dawn @ WEIMA,"Jan 10, 2017",23,0.1334,0,3249,0.43
3hrD9quxGmU,WEIMA MediCutter,,22,0.4645,0,52,3.85
C3e7gtSAWC4,WEIMA / The Size Reduction Experts,"Sep 7, 2015",22,0.2452,0,785,1.02
CFSC8vF-kBc,WEIMA WLK 1500 lump Shredder,,22,0.1938,0,0,
iCVq0TagID0,WEIMA WLK 20 Jumbo shreds pulper waste,,21,0.2109,0,0,
2mzxTZwy65w,WEIMA Maschinenbau ZMK50 und TH900S Duo Brikettierpresse - Auto Innenverkleidung,"Jun 14, 2012",20,0.2984,0,1027,1.17
FfjXdbVxZBw,WEIMA Metall-Shredder WMS 600 - Energiespar Lampen,,20,0.4019,0,43,20.93
 -L31PdnCO7A,WEIMA Zerkleinerer WLK 8 - HDF Platten,"Feb 18, 2013",19,0.1894,0,778,1.16
Vu993G22IM8,WEIMA Maschinenbau Einwellen-Shredder Spider 1500 H - Netze / nets,"Jun 5, 2012",19,0.1573,0,695,2.01
Die 500 be­sten Er­geb­nis­se wer­den an­ge­zeigt
